,id,intitule,description,dateCreation,dateActualisation,romeCode,romeLibelle,appellationlibelle,typeContrat,typeContratLibelle,natureContrat,experienceExige,experienceLibelle,alternance,nombrePostes,accessibleTH,lieuTravail.libelle,lieuTravail.latitude,lieuTravail.longitude,lieuTravail.commune,entreprise.description,entreprise.entrepriseAdaptee,origineOffre.origine,origineOffre.urlOrigine,origineOffre.partenaires,secteurActivite,secteurActiviteLibelle,entreprise.nom,qualificationCode,qualificationLibelle,salaire.commentaire,salaire.libelle,permis,competences,dureeTravailLibelle,dureeTravailLibelleConverti,qualitesProfessionnelles,offresManqueCandidats,lieuTravail.codePostal,entreprise.url,contact.nom,contact.coordonnees1,contact.courriel,formations,salaire.complement1
0,0085754,CDI DATA MARKETING MANAGER (H/F),"Recherche: CDI DATA MARKETING MANAGER (H/F)
DÉVELOPPEMENT D'ACTIVITÉ ET PILOTAGE DE MISSIONSApporter une forte valeur ajoutée sur la vision stratégique et une expertise réelle sur la performance dataContribuer au développement de \""go-to-market\"" liés aux nouveaux outils en cours de constructionVendre, soutenir auprès des clients et prospects les nouveaux go-to-marketEtre une interface stratégique auprès des clients et prospectsPiloter les missions liées à l'optimisation de la performance marketing :élaboration de dashboards de performance clientdéfinition de plans d'action marketing multi-leviersélaboration de business plans (allocations budgétaires et ROI)pilotage opérationnels des plans d'action multi-leviersCONDUITE DU CHANGEMENT
Représenter l'expertise au sein de l'agence et en externePromouvoir les nouveaux outils et \""go-to-market\"" au sein de l'agenceOrganiser des actions de sensibilisation / formation auprès des différentes cellulesEn fonction du développement de l'activi... ",2022-03-03T07:46:37.000Z,2022-03-03T07:46:37.000Z,M1802,Expertise et support en systèmes d'information,Data manager,CDI,Contrat à durée indéterminée,Contrat travail,D,Débutant accepté,False,1,False,37 - MONTREUIL EN TOURAINE,47.487347,0.951465,37158, ,False,2,https://candidat.pole-emploi.fr/offres/recherche/detail/0085754,"[{'nom': 'JOBINTREE', 'url': 'https://www.jobintree.com/offre-emploi/la-releve-7896/cdi-data-marketing-manager-43501055?utm_source=pole-emploi&utm_medium=flux-offres&utm_campaign=partenaire', 'logo': 'https://www.pole-emploi.fr/static/img/partenaires/jobintree80.png'}]",,,,,,,,,,,,,,,,,,,,
1,0069788,DIRECTEUR DE PROJET DATA (H/F),"Recherche: DIRECTEUR DE PROJET DATA (H/F)
Détail de l'offre
Informations générales
Entité de rattachement Nous sommes une ESN agile et un groupe international. A l'ère de la post-transformation digitale, nous mettons tout en œuvre pour que chacun de nos 27 000 collaborateurs puisse se renouveler perpétuellement, en vivant positivement son propre flow digital. Chacun d'entre eux peut ainsi façonner son parcours de carrière selon ses appétences, entreprendre de manière pragmatique avec ses clients pour un monde plus positif, innover localement dans 26 pays et harmoniser son investissement professionnel et son bien-être personnel.
Rejoignez Inetum. Vivez votre flow digital positif.
Tous nos postes sont ouverts aux personnes en situation de handicap.
Description du poste Métier
Métier AS (Application Services) - Management de Projet
Intitulé du poste
Directeur de projet DATA H/F
Contrat
CDI
Description De La Mission
Le Directeur de Projet orienté DATA en Centre Services es... ",2022-03-03T05:01:53.000Z,2022-03-03T05:01:53.000Z,M1803,Direction des systèmes d'information,Directeur / Directrice de projet en informatique,CDI,Contrat à durée indéterminée,Contrat travail,D,Débutant accepté,False,1,False,45 - ORLEANS,47.87372,1.910933,45234, ,False,2,https://candidat.pole-emploi.fr/offres/recherche/detail/0069788,"[{'nom': 'JOBINTREE', 'url': 'https://www.jobintree.com/offre-emploi/inetum-7936/directeur-projet-data-43370371?utm_source=pole-emploi&utm_medium=flux-offres&utm_campaign=partenaire', 'logo': 'https://www.pole-emploi.fr/static/img/partenaires/jobintree80.png'}]",,,,,,,,,,,,,,,,,,,,
2,0032882,Data Analyst Power BI H/F,"Le cabinet de recrutement Lynx RH recherche pour l'un de ses clients un Data Analyst Power BI H/F sur Tours.
            
Vos missionsCADRAGE - AVANT-VENTE :Contribuer à l'analyse des besoins clients,Faire preuve de curiosité et d'esprit analytique pour comprendre le process cible du Client, identifier les risques et opportunités.
CONCEPTION :Contribuer aux choix techniques et à la définition des architectures techniques et fonctionnelles,Participer à la schématisation du modèle de données cible.
DEVELOPPEMENT :Réaliser le profilage, le nettoyage et la transformation des données,Développer des solutions de visualisation et de création de rapports via MicrosoftPower BI,Maîtriser l'administration des ressources Power BI, les tableaux de bord, les espaces de travail, les algorithmes de données utilisés dans les rapports,Implémenter et configurer les procédures de sécurité nécessaires, pour garantir la sécurité des ressources Power BI et données correspondantes.
ACCOMPAGNEMENT :Assurer le suivi du projet,Animer des présentations techniques et rédiger les supports correspondants.
            
Pré-requisBonne connaissance des produits Microsoft PlatformMaîtrise de Power BIFiche de poste Data Analyst Power BI 4Maîtrise des bases de donnéesConnaissances des KPI comptables et financiers
            
Profil recherchéVous possédez une expérience professionnelle d'au moins 2 ans comme Data Analyst au sein d'un cabinet de conseil, des équipes internes d'une ETI ou d'un grand groupe ou en Freelance.Vous êtes passionnés par les solutions Microsoft.Vous aimez découvrir les nouveautés, acquérir de nouvelles techniques, partager vos découvertes.Vous êtes force de proposition et avez le goût du challenge.
            
Informations complémentairesType de contrat : CDI
            Temps de travail : Temps pleinSalaire : Négociable selon profil ",2022-03-02T03:51:28.000Z,2022-03-02T03:51:28.000Z,M1403,Études et prospectives socio-économiques,Data analyst,CDI,Contrat à durée indéterminée,Contrat travail,E,Expérience exigée,False,1,False,37 - ST OUEN LES VIGNES,47.477857,1.00013,37230,"Lynx RH : Recrutement spécialisé en CDI, CDD et intérim de profils Bac+2 à Bac+5 en fonctions supports, informatique et ingénierie. Offres d'emploi. ",False,2,https://candidat.pole-emploi.fr/offres/recherche/detail/0032882,"[{'nom': 'DIRECTEMPLOI', 'url': 'http://www.directemploi.com/offre/33183982/data-analyst-power-bi-h-f?utm_source=pole-emploi&utm_medium=referral&utm_campaign=P%C3%B4le-Emploi', 'logo': 'https://www.pole-emploi.fr/static/img/partenaires/directemploi80.png'}]",,,,,,,,,,,,,,,,,,,,
3,9978652,Data analyst - Avanci (H/F),"Partagez votre talent de Data Analyst Marketing !
Rattaché.e au Pôle Data Intelligence, vous serez en charge des études clients, de la recommandation en binôme avec le pôle conseil et de la restitution de vos travaux à un portefeuille clients qui vous aura été attribué : 
Réaliser les études de connaissance clients : profil client, segmentation, performances de l'activité clients, mesure de la fidélisation (valeur clients, attrition.), analyse des comportements omnicanal (retail, e-commerce.) etc.Scoring prédictif, analyse des parcours et trajectoire produits ;Analyses des campagnes et performances des actions ;Modélisation prévisionnelle d'activité ;Restitution et présentation des résultats de vos études aux clients, dans le respect des engagements de délai et de qualité ;Élaboration en binôme avec les Directions Conseils des recommandations stratégiques et opérationnelles selon les enseignements issues des études et les leviers identifiés ;Gestion de la relation client avec la Direction Conseil.
En parallèle, vous serez amené.e à intervenir sur des projets et des secteurs diversifiés (e-commerce, Retail, VAD.), et vous pourrez vous déplacer en clientèle pour les présentations & restitutions.Et vous ?
De formation BAC+4 / BAC+5 orienté Statistiques et/ou Informatique Décisionnelle complétée par une connaissance des problématiques marketing, vous disposez de minimum 3 à 5 ans d'expérience sur un poste similaire ;La maîtrise de Dataiku est attendue ;De bonnes connaissances en SQL, R ou Python seraient fortement appréciées ;Des connaissances en solutions de Dataviz type Power BI ou Tableau Software seraient un également un plus ;Une expérience dans le secteur retail et/ou e-commerce et la connaissance des enjeux du digital sont attendues ;
Savoir-être: 
Vous êtes reconnu(e) pour vos capacités d'analyse et d'argumentation, votre rigueur et votre esprit de synthèse ;A l'aise à l'oral et doté(e) d'un bon relationnel, vous aimez présenter vos analyses et recommandations aux clients lors de réunions de restitution ;Vous savez délivrer des études dans des délais courts et faire preuve de souplesse et d'adaptation en fonction des imprévus et priorités ;Vous êtes orienté(e) clients / résultats et vous savez travailler en équipe;Vous souhaitez évoluer ? L'agence & le groupe vous offriront de réelles opportunités professionnelles.
Cette offre vous parle ? Alors n'attendez plus ! MV Group recrute des talents qui partagent leur recette d'une vie professionnelle épanouie. Chez nous, on vit intensément et autrement l'aventure du digital dans un environnement multi-expertises unique.
Vous êtes à la recherche de nouvelles ambitions ? Découvrez nos astuces et conseils pour maximiser vos chances de nous rencontrer !
Poste à pourvoir à Tours, Nantes ou Rennes. ",2022-02-28T22:01:18.000Z,2022-02-28T22:01:18.000Z,M1403,Études et prospectives socio-économiques,Data analyst,CDI,Contrat à durée indéterminée,Contrat travail,E,Expérience exigée de 5 An(s),False,1,False,37 - TOURS,47.39565,0.694658,37261,"Avec une recette unique dans le digital, MV Group réunit 8 filiales et apporte une solution globale de 42 expertises pour le développement du business de ses clients. Avanci, filiale du groupe, est une agence de data spécialisée en stratégie de fidélisation clients. Nous accompagnons nos clients dans la connaissance, la fidélisation et l'engagement durable de leurs clients pour développer leur business et la richesse de l'entreprise.
Dès votre arrivée, nous vous donnerons les ... ",False,2,https://candidat.pole-emploi.fr/offres/recherche/detail/9978652,"[{'nom': 'WE_RECRUIT', 'url': 'https://careers.werecruit.io/fr/avanci/offres/data-analyst-marketing-ab7dba/PoleEmploi', 'logo': 'https://www.pole-emploi.fr/static/img/partenaires/we_recruit80.png'}]",73,Activités des agences de publicité,Avanci,,,,,,,,,,,,,,,,,
4,9977326,Data analyst - Avanci (H/F),"En tant que Data Engineer, tu auras la responsabilité de la conception, de la gestion et de l'administration des bases de données marketing des clients de l'agence. 
Tes missions : 
Développer et designer les architectures de données pour le compte des clients de l'agence ;Construire et optimiser des pipelines data complexes ;Structurer, normaliser et unifier des données à partir de sources multiples ;Concevoir de nouveaux modèles de données efficaces et fiables ;Maintenir, contrôler et assurer la gestion et l'exploitation des bases de données (maintenance corrective et évolutive) ;Rédiger la documentation technique et fonctionnelle nécessaire ;Accompagner les Data Analysts dans l'optimisation de leurs algorithmes ;Contribuer à l'exploitation (résolution incident, évolutions, fix bug) des développements.Participer activement à l'amélioration continue des technos utilisées et des prestations délivrées par le pôle Data ;✔ Tu es titulaire d'un diplôme d'Ingénieur Informatique ou de son équivalent universitaire Bac+5 et tu as acquis une solide expérience dans une fonction similaire ;
✔ Tu maîtrises les langages SQL et Python ;
✔ Tu as des connaissances d'autres plateformes de données (ex : PostgreSQL, Snowflake) ;
✔ Tu sais travailler en mode projet et tu as une connaissance des processus et méthodes/outils de gestion de projet (planning, budget, indicateurs) ;
✔ Tu maîtrises l'environnement et les enjeux data à finalité marketing ;
Le + : tu as déjà déployé des bases de données NoSQL 

Nous recherchons aussi et surtout une personnalité :
✔ Tu es force de proposition sur les améliorations d'automatisation, de processus et modes de fonctionnement ;
✔ Tu es organisé(e), méthodique et rigoureux(se), autonome, et tu as l'esprit d'initiative et le sens du service client ;
✔ Tes qualités relationnelles et ta capacité à communiquer avec différents interlocuteurs sont reconnues ;
✔ Tu sais gérer les imprévus et gérer ton stress ;
✔ Tu es curieux(se) et ouvert(e) aux différentes technologies.


Pourquoi venir chez Avanci ? 
Tu as coché toutes les cases (ou presque) ? Maintenant, c'est à nous de te convaincre. Voici 4 raisons d'intégrer Avanci :

1. Tu évolueras dans un environnement stimulant :
Tu partageras avec une vingtaine d'experts la même passion de la data ;Avanci est une filiale de MV Group qui se compose de 7 autres entités aux expertises digitales complémentaires : projets en commun et clients de différents horizons t'enrichiront en rencontres et diversifieront tes échanges.

2. Nous partagerons les mêmes valeurs :
Le plaisir : nous avons à coeur de favoriser l'épanouissement de nos équipes. Nous sommes à l'écoute de tes besoins et nous mettons tout en place pour que tu te sentes bien au quotidien : locaux conviviaux, parcours d'intégration, tickets restaurants, horaires flexibles, mutuelle, RTT, home office, etc. ;La performance : puisque la satisfaction de nos clients passe d'abord par la qualité du travail de nos équipes, nous te fournissons tous les outils nécessaires à la bonne réalisation de tes missions (matériels informatiques, téléphone, logiciels, etc.) ;L'engagement : Avanci, MV Group et nos collaborateurs sont engagés dans des actions concrètes, solidaires et éco-responsables : prime de transport durable, don de matériels, soutien d'associations, etc. Fondateur de l'Ecole Digitale de la Nouvelle Chance visant un public prioritaire, toutes nos offres d'emploi sont évidemment ouvertes aux personnes en situation de handicap.

3. Tu feras partie d'un collectif :
Au cours de l'année, plusieurs évènements internes seront organisés pour renforcer la cohésion au sein de ton équipe et du groupe (séminaires, teams buildings, déjeuners d'équipe, etc) ;Tous les pôles d'expertise sont organisés avec des équipes à taille humaine pour favoriser les interactions et ton évolution.

4. Nous t'accompagnerons tout au long de ton parcours :
Tu bénéficieras de formations régulières en interne pour accélérer ton évolution ;Tu pourras, si tu le souhaites, évoluer vers d'autres expertises au sein d'Avanci ou d'autres filiales dans le Groupe ;Si ton projet de vie t'emmène ailleurs, tu pourras rejoindre une de nos 10 autres agences : Rennes, Nantes, Paris, Lille, Strasbourg, Lyon, Bordeaux, Toulouse, Marseille ou Nice.


La suite avec nous
Toutes les candidatures seront traitées par notre équipe recrutement. Si ton profil correspond à nos besoins, nous organiserons : 
1 appel avec notre Chargée de recrutement pour en savoir plus sur ton parcours et tes attentes2 moments d'échange : 1 avec le responsable du pôle et 1 avec Lina, notre Directrice du Capital Humain et/ou Alexandra, notre Directrice des Expertises pour s'assurer qu  ",2022-02-28T21:57:07.000Z,2022-02-28T21:57:07.000Z,M1403,Études et prospectives socio-économiques,Data analyst,CDI,Contrat à durée indéterminée,Contrat travail,E,Expérience exigée de 3 An(s),False,1,False,37 - TOURS,47.39565,0.694658,37261,"Chez Avanci, agence conseil en Data et CRM, spécialisée en stratégie de fidélisation et filiale de MV Group, nous nous sommes donné une mission : exploiter au maximum la puissance des données pour délivrer une expérience client personnalisée et inoubliable. Un challenge qui ne peut réussir qu'avec l'expertise et la motivation de nos équipes !
Pour accompagner notre forte croissance et développer notre pôle Data, nous sommes à la recherche de notre futur(e) Data Engineer à... ",False,2,https://candidat.pole-emploi.fr/offres/recherche/detail/9977326,"[{'nom': 'WE_RECRUIT', 'url': 'https://careers.werecruit.io/fr/avanci/offres/data-engineer-dabd80/PoleEmploi', 'logo': 'https://www.pole-emploi.fr/static/img/partenaires/we_recruit80.png'}]",73,Activités des agences de publicité,Avanci,,,,,,,,,,,,,,,,,
5,9953906,"Data Manager F/H - Système, réseaux, données (H/F)","Descriptif du poste:


Nous recrutons un(e) Data Manager H/F pour un CDD d'un an.

Le poste est basé à Chartres. Vous travaillerez pour un grand groupe spécialisé en industrialisation.

Le poste est à pourvoir dès que possible avec une rémunération comprises entre 32 000€ et 37 000€ brut.

 

Au sein du département Supply Technical et en lien étroit avec les départements marketing/commercial, R&D, planning usine - commercial et qualité, le Data Manager H/F est chargé d'assurer le lancement de tous les nouveaux produits conformément aux spécifications demandées , dans les délais impartis et en tenant compte des contraintes de l'usine.

Vos principales missions :
* Gestion de données
* Création de codes
* Travail sur les bases de données
* Remplir les fichiers de suivi
* Vous êtes en relaton avec les activity manager

 



Profil recherché:


De formation minimum Bac+4, type licence spécialisée en data management, vous avez une expérience de 3 ans minimum dans sur un poste similaire.
* Vous êtes reconnu pour votre rigueur, votre autonomie, vos qualités organisationnelles et relationnelles ainsi que votre communication

 

Vous parlez anglais couramment.

 

Avez-vous déjà pensé à devenir consultant en recrutement ?

Deux fois Great Place to Work, Walters People a reçu 5 étoiles dans le classement des Meilleurs Cabinets de Recrutement du journal Les Echos (catégories: Travail Temporaire et Managers et Spécialistes).

Nous avons de nombreuses opportunités à pourvoir dans nos équipes, n'hésitez plus, rejoignez-nous https://www.walterspeople.fr/nous-rejoindre.html

 ",2022-02-28T05:09:02.000Z,2022-02-28T05:09:02.000Z,M1802,Expertise et support en systèmes d'information,Data manager,CDD,Contrat à durée déterminée - 12 Mois,Contrat travail,D,Débutant accepté,False,1,False,28 - CHARTRES,48.446525,1.502286,28085,"\n\nWalters People est un cabinet de recrutement offrant des opportunités en intérim, CDD et CDI en Île de France, Rhône Alpes et dans la région Grand Ouest.\n\nNotre équipe est spécialisée sur les métiers du Digital/Marketing/Communication avec un objectif : créer la meilleure association entre les besoins de nos partenaires et les ambitions professionnelles de nos candidats.\n\n ",False,2,https://candidat.pole-emploi.fr/offres/recherche/detail/9953906,"[{'nom': 'APEC', 'url': 'https://www.apec.fr/candidat/recherche-emploi.html/emploi/detail-offre/167742221W?xtor=AL-406', 'logo': 'https://www.pole-emploi.fr/static/img/partenaires/apec80.png'}]",23,Fabrication d'autres produits minéraux non métalliques n.c.a.,Walters People France,9,Cadre,32 - 37 k€ brut annuel,,,,,,,,,,,,,,
6,9908295,Data Manager H/F,"Nous recrutons un(e) Data Manager H/F pour un CDD d'un an.

Le poste est basé à Chartres. Vous travaillerez pour un grand groupe spécialisé en industrialisation.

Le poste est à pourvoir dès que possible avec une rémunération comprises entre 32 000€ et 37 000€ brut.
Au sein du département Supply Technical et en lien étroit avec les départements marketing/commercial, R&D, planning usine - commercial et qualité, le Data Manager H/F est chargé d'assurer le lancement de tous les nouveaux produits conformément aux spécifications demandées , dans les délais impartis et en tenant compte des contraintes de l'usine.

Vos principales missions :

 * Gestion de données
 * Création de codes
 * Travail sur les bases de données
 * Remplir les fichiers de suivi
 * Vous êtes en relaton avec les activity manager
De formation minimum Bac+4, type licence spécialisée en data management, vous avez une expérience de 3 ans minimum dans sur un poste similaire.

 * Vous êtes reconnu pour votre rigueur, votre autonomie, vos qualités organisationnelles et relationnelles ainsi que votre communication

 

Vous parlez anglais couramment.

 

Avez-vous déjà pensé à devenir consultant en recrutement ?

Deux fois Great Place to Work, Walters People a reçu 5 étoiles dans le classement des Meilleurs Cabinets de Recrutement du journal Les Echos (catégories: Travail Temporaire et Managers et Spécialistes).

Nous avons de nombreuses opportunités à pourvoir dans nos équipes, n'hésitez plus, rejoignez-nous https://www.walterspeople.fr/nous-rejoindre.html ",2022-02-26T13:04:47.000Z,2022-02-26T13:04:47.000Z,M1403,Études et prospectives socio-économiques,Chargé / Chargée d'études en marketing,CDD,Contrat à durée déterminée - 12 Mois,Contrat travail,E,Expérience exigée,False,1,False,28 - CHARTRES,48.447147,1.505706,28085,"Walters People est un cabinet de recrutement offrant des opportunités en intérim, CDD et CDI en Île de France, Rhône Alpes et dans la région Grand Ouest.

Notre équipe est spécialisée sur les métiers du Digital/Marketing/Communication avec un objectif : créer la meilleure association entre les besoins de nos partenaires et les ambitions professionnelles de nos candidats.
 ",False,2,https://candidat.pole-emploi.fr/offres/recherche/detail/9908295,"[{'nom': 'BROADBEAN', 'url': 'https://www.aplitrak.com/?adid=TE9VVkMuNjEyNDYuNjcwNkB3YWx0ZXJzcGVvcGxlZnIuYXBsaXRyYWsuY29t', 'logo': 'https://www.pole-emploi.fr/static/img/partenaires/broadbean80.png'}]",20,Fabrication de parfums et de produits pour la toilette,Walters People France,,,,"Annuel de 32000,00 Euros ï¿½ 37000,00 Euros",,,,,,,,,,,,,
7,9897462,DATA ANALYST POWER BI (H/F),"Recherche: DATA ANALYST POWER BI (H/F)
Le cabinet de recrutement Lynx RH recherche pour l'un de ses clients un Data Analyst Power BI H/F sur Tours.
Vos missions
CADRAGE - AVANT-VENTE :
Contribuer à l'analyse des besoins clients,
Faire preuve de curiosité et d'esprit analytique pour comprendre le process cible du Client, identifier les risques et opportunités.
CONCEPTION :
Contribuer aux choix techniques et à la définition des architectures techniques et fonctionnelles,
Participer à la schématisation du modèle de données cible.
DEVELOPPEMENT :
Réaliser le profilage, le nettoyage et la transformation des données,
Développer des solutions de visualisation et de création de rapports via MicrosoftPower BI,
Maîtriser l'administration des ressources Power BI, les tableaux de bord, les espaces de travail, les algorithmes de données utilisés dans les rapports,
Implémenter et configurer les procédures de sécurité nécessaires, pour garantir la sécurité des ressources Power BI et ... ",2022-02-26T10:48:59.000Z,2022-02-26T10:48:59.000Z,M1403,Études et prospectives socio-économiques,Data analyst,CDI,Contrat à durée indéterminée,Contrat travail,D,Débutant accepté,False,1,False,37 - FONDETTES,47.41108,0.609062,37109, ,False,2,https://candidat.pole-emploi.fr/offres/recherche/detail/9897462,"[{'nom': 'JOBINTREE', 'url': 'https://www.jobintree.com/offre-emploi/lynx-rh-7947/data-analyst-power-bi-43057185?utm_source=pole-emploi&utm_medium=flux-offres&utm_campaign=partenaire', 'logo': 'https://www.pole-emploi.fr/static/img/partenaires/jobintree80.png'}]",,,,,,,,,,,,,,,,,,,,
8,9782047,Data analyst (H/F),"Description du poste :
Le cabinet de recrutement Lynx RH recherche pour l'un de ses clients un Data Analyst Power BI H/F sur Tours.
Vos missions
CADRAGE - AVANT-VENTE :
Contribuer à l'analyse des besoins clients,
Faire preuve de curiosité et d'esprit analytique pour comprendre le process cible du Client, identifier les risques et opportunités.
CONCEPTION :
Contribuer aux choix techniques et à la définition des architectures techniques et fonctionnelles,
Participer à la schématisation du modèle de données cible.
DEVELOPPEMENT :
Réaliser le profilage, le nettoyage et la transformation des données,
Développer des solutions de visualisation et de création de rapports via MicrosoftPower BI,
Maîtriser l'administration des ressources Power BI, les tableaux de bord, les espaces de travail, les algorithmes de données utilisés dans les rapports,
Implémenter et configurer les procédures de sécurité nécessaires, pour garantir la sécurité des ressources Power BI et données correspondantes.
ACCOMPAGNEMENT :
Assurer le suivi du projet,
Animer des présentations techniques et rédiger les supports correspondants.
Description du profil :
Pré-requis
Bonne connaissance des produits Microsoft Platform
Maîtrise de Power BI
Fiche de poste Data Analyst Power BI 4
Maîtrise des bases de données
Connaissances des KPI comptables et financiers
Profil recherché
Vous possédez une expérience professionnelle d'au moins 2 ans comme Data Analyst au sein d'un cabinet de conseil, des équipes internes d'une ETI ou d'un grand groupe ou en Freelance.
Vous êtes passionnés par les solutions Microsoft.
Vous aimez découvrir les nouveautés, acquérir de nouvelles techniques, partager vos découvertes.
Vous êtes force de proposition et avez le goût du challenge.
Informations complémentaires
Type de contrat : CDI
Temps de travail : Temps plein ",2022-02-24T21:04:22.000Z,2022-02-24T21:04:22.000Z,M1403,Études et prospectives socio-économiques,Data analyst,CDI,Contrat à durée indéterminée,Contrat travail,E,Expérience exigée de 1 An(s),False,1,False,37 - FONDETTES,47.41108,0.609062,37109,"Lynx RH : Recrutement spécialisé en CDI, CDD et intérim de profils Bac+2 à Bac+5 en fonctions supports, informatique et ingénierie. ",False,2,https://candidat.pole-emploi.fr/offres/recherche/detail/9782047,"[{'nom': 'METEOJOB', 'url': 'https://www.meteojob.com/candidat/offres/offre-d-emploi-data-analyst-h-f-fondettes-centre-telecommunications-cdi-21341666', 'logo': 'https://www.pole-emploi.fr/static/img/partenaires/meteojob80.png'}]",,,,,,,,,,,,,,,,,,,,
9,9647914,Ingénieur en Technologie et Master Data (F/H) H/F,"Ing&eacute;nieur en Technologie et Master Data (F/H)Qui sommes-nousEn France, avec 480 collaborateurs, l&rsquo;usine Essity Gien est l&rsquo;un des principaux sites du Groupe Essity en France. Chaque jour, pr&egrave;s de 2,6 millions de rouleaux &ndash; papier toilette Lotus et essuie-tout Okay &ndash; et 7 millions de mouchoirs &agrave; la marque Lotus y sont fabriqu&eacute;s.Dans le monde, Essity est un Group international d&rsquo;hygi&egrave;ne et de sant&eacute;. Nous d&eacute;veloppons, fabriquons et commercialisons des produits d&rsquo;hygi&egrave;ne personnelle et d&rsquo;essuyage papier avec des marques mondiales leaders sur le march&eacute; telles que TENA et Tork.Nous comptons environs 48 000 employ&eacute;s &agrave; travers le monde et nos ventes sont effectu&eacute;es et r&eacute;parties dans 150 pays.A propos du posteNous recherchons un(e) Ing&eacute;nieur en Technologie et Master Data pour rejoindre notre &eacute;quipe de technologie.Nous sommes une &eacute;quipe de 3 personnes en soutien de l'usine de Gien, centr&eacute;e sur les besoins de l'ensemble du groupe.L&rsquo;Ing&eacute;nieur en Technologie et Master Data sera responsable de la gestion des donn&eacute;es : traiter et optimiser les donn&eacute;es afin de les rendre disponibles de la meilleure fa&ccedil;on possible &agrave; tous les diff&eacute;rents types d'utilisateurs de l'usine.Elle/Il devrait &ecirc;tre capable de collecter des donn&eacute;es des diff&eacute;rents MES (Manufacturing Execution System) et de les analyser en utilisant l'intelligence artificielle telle que machine learning pour aider notre groupe &agrave; trouver des solutions aux probl&egrave;mes existants.Elle/Il sera &eacute;galement le Key-user de diff&eacute;rentes applications et syst&egrave;mes telles que : MES (Proficy / Plain / SAP), Excel (Macros VBA) et Microsoft Teams.Elle/Il devrait &eacute;galement soutenir le d&eacute;veloppement de strat&eacute;gies utilisant des technologies de contr&ocirc;le et automation avanc&eacute;es pour r&eacute;duire la variabilit&eacute; des machines.Ce que vous allez faire&bull; Key user des MES du site :&bull; Est le r&eacute;f&eacute;rent pour le traitement des optimisations et anomalies li&eacute; &agrave; PROFICY / PLAIN / SAP&bull; Gestion des donn&eacute;es :&bull; Collecte et analyse les donn&eacute;es des diff&eacute;rents MES&bull; Synth&eacute;tise les donn&eacute;es dans des applications visuel (Power-bi)&bull; D&eacute;veloppe des applications pour le traitement des donn&eacute;es en liens avec les indicateurs cibles du site (Power Platform Microsoft)&bull; Participe &agrave; l&rsquo;optimisation de la qualit&eacute; produit cibl&eacute;e sur l&rsquo;analyse des donn&eacute;es&bull; Est key-user des applications VBA sous excel&bull; Est propri&eacute;taire des diff&eacute;rents TEAMS et assure leur maintenance&bull; Projets de Digitalisation :&bull; Effectue des analyses &agrave; l'aide de Machine Learning&bull; D&eacute;veloppe Contr&ocirc;le Avanc&eacute; &agrave; l&rsquo;aide de Technologies &ndash; Machine Learning / Fuzzy Logic / MPC (Multivariable Predict Control) / R&eacute;seau neuronalQui &ecirc;tes-vous ?Formation sup&eacute;rieure BAC +5 : Ing&eacute;nieur digitalisation ou master data ou &eacute;quivalentExp&eacute;riences en milieu industriel de 5 ans minimumAnglais courant, un bon niveau en Fran&ccedil;ais serait un plus mais n'est pas obligatoireConnaissance en : Power Platform (Power-apps, Power-automate, Power-bi), VBA Office, SQL, C++ / Python / Langage DAX, Analyse statistique SPC, Machine Learning, Automation et Contr&ocirc;le industriel, PID et contr&ocirc;le avanc&eacute; : Fuzzy Logic &amp; MPCVous &ecirc;tes rigoureux et autonome et avez la capacit&eacute; de communiquer efficacement ",2022-02-22T20:28:25.000Z,2022-02-22T20:28:25.000Z,M1802,Expertise et support en systèmes d'information,Ingénieur / Ingénieure système informatique,CDI,Contrat à durée indéterminée,Contrat travail,E,Expérience exigée de 12 Mois,False,1,False,45 - Loiret,,,, ,False,2,https://candidat.pole-emploi.fr/offres/recherche/detail/9647914,"[{'nom': 'INZEJOB', 'url': 'https://emploi.inzejob.com/offre-emploi?j=8243456', 'logo': 'https://www.pole-emploi.fr/static/img/partenaires/inzejob80.png'}]",,,Essity,,,,,"[{'libelle': 'Aucun permis', 'exigence': 'S'}]",,,,,,,,,,,,
10,9622634,Développeur BI - chef de projet data F/H - Maîtrise d'ouvrage et fonctionnel (H/F),"Descriptif du poste:
Intégré au sein de la DSI et en collaboration avec l'équipe études et développements, vous participez à la modélisation et la définition des KPI, indicateurs de performance, en relation avec les Directions métiers et le Contrôle de gestion. Vous menez des analyses et assurez la conversion en requêtes SQL et le développement de reports et dashboards. De plus, vous concevez et développez les futures solutions de reporting et d'analyse de données dans l'entreprise, tout en étant responsable de la mise en production et de la qualité des indicateurs. Vous documentez l'ensemble des bases de données et supervisez et développez certains flux entre différentes bases de données. Enfin, vous êtes peut être amené à manager des ressources complémentaires.

Profil recherché:
- Issu d'une formation supérieure en informatique (type Bac +4), vous avez une première expérience dans le domaine de la BI.
- Maîtrise des langages de requêtes (SQL/ PL SQL).
- Bonnes connaissances des bases de données relationnelles (Oracle).
- Vous utilisez régulièrement les outils de reporting (QlickView, NPrinting, Business Object) et la modélisation UML. ",2022-02-22T13:15:25.000Z,2022-02-22T13:15:25.000Z,M1806,Conseil et maîtrise d'ouvrage en systèmes d'information,Chef de projet maîtrise d'ouvrage des systèmes d'information,CDI,Contrat à durée indéterminée,Contrat travail,E,Expérience exigée de 2 An(s),False,1,False,37 - TOURS,47.39565,0.694658,37261,"Hays Technology recherche pour son client, acteur majeur de l'habitat issu d'un groupe de renom, prestataire de services pour une clientèle de particuliers, bailleurs et assurances, un Développeur Bi - Chef de projet data dans le cadre du fort accroissement de l'activité. Le poste est à pourvoir rapidement en CDI à Tours (37). ",False,2,https://candidat.pole-emploi.fr/offres/recherche/detail/9622634,"[{'nom': 'APEC', 'url': 'https://www.apec.fr/candidat/recherche-emploi.html/emploi/detail-offre/167690783W?xtor=AL-406', 'logo': 'https://www.pole-emploi.fr/static/img/partenaires/apec80.png'}]",78,Activités des agences de placement de main-d'œuvre,Hays France,9,Cadre,35 - 45 k€ brut annuel,,,,,,,,,,,,,,
11,9619093,Développeur BI - chef de projet data H/F,"Intégré au sein de la DSI et en collaboration avec l'équipe études et développements, vous participez à la modélisation et la définition des KPI, indicateurs de performance, en relation avec les Directions métiers et le Contrôle de gestion. Vous menez des analyses et assurez la conversion en requêtes SQL et le développement de reports et dashboards. De plus, vous concevez et développez les futures solutions de reporting et d'analyse de données dans l'entreprise, tout en étant responsable de la mise en production et de la qualité des indicateurs. Vous documentez l'ensemble des bases de données et supervisez et développez certains flux entre différentes bases de données. Enfin, vous êtes peut être amené à manager des ressources complémentaires.
- Issu d'une formation supérieure en informatique (type Bac +4), vous avez une première expérience dans le domaine de la BI.
- Maîtrise des langages de requêtes (SQL/ PL SQL).
- Bonnes connaissances des bases de données relationnelles (Oracle).
- Vous utilisez régulièrement les outils de reporting (QlickView, NPrinting, Business Object) et la modélisation UML. ",2022-02-22T12:01:59.000Z,2022-02-22T12:01:59.000Z,M1805,Études et développement informatique,Développeur / Développeuse informatique,CDI,Contrat à durée indéterminée,Contrat travail,E,Expérience exigée de 2 An(s),False,1,False,37 - TOURS,47.39864,0.696526,37261,"Hays Technology recherche pour son client, acteur majeur de l'habitat issu d'un groupe de renom, prestataire de services pour une clientèle de particuliers, bailleurs et assurances, un Développeur Bi - Chef de projet data dans le cadre du fort accroissement de l'activité ",False,2,https://candidat.pole-emploi.fr/offres/recherche/detail/9619093,"[{'nom': 'BROADBEAN', 'url': 'https://www.aplitrak.com/?adid=dmluZGV2b2doZW0uOTA2MDcuNjcwNkBoYXlzZnJhbmNlLmFwbGl0cmFrLmNvbQ', 'logo': 'https://www.pole-emploi.fr/static/img/partenaires/broadbean80.png'}]",62,Programmation informatique,Hays France,,,,"Annuel de 35000,00 Euros ï¿½ 45000,00 Euros",,,,,,,,,,,,,
12,9559195,Data scientist (H/F),"Description du poste :
Votre mission
A la recherche de nouvelles affinités professionnelles ? Spring, cabinet de recrutement spécialisé en recrutement et intérim spécialisé, recherche pour son client situé sur Tours (37), un Data Scientist (h/f).
Rattaché au Responsable du service, vos missions :
- Analyser la documentation du système et comprendre son fonctionnement
- Créer une architecture efficace pour stocker les données
- Coordonner les actions avec l'équipe informatique du cloud pendant la mise en œuvre de l'architecture de stockage sur le cloud
- Effectuer la préparation et l'exploration de données (nettoyage, visualisation, agrégation...)
- Développer, tester et valider les algorithmes utilisés pour prédire les défaillances
- Créer des métriques utilisées pour comparer les algorithmes
- Rédiger les spécifications et les rapports
- Créer des modules plug and play configurables utilisés pour exécuter des algorithmes sur une architecture cloud
- Créer des tableaux de bord afin de présenter les résultats des algorithmes aux utilisateurs finaux.
- Proposer de nouveaux algorithmes pour améliorer la maturité des solutions
- Identifier de nouvelles solutions pour les algorithmes
- Rapporter fréquemment les KPI des projets au responsable
- Participer aux examens et réunions
Compétences requises :
- Bonne connaissance des moyens, outils et bibliothèques de fouille des données (pandas, Vaex...)
- Maîtrise de la programmation informatique notamment Python
- Maîtrise des méthodes et approches d'analyse des séries temporelles.
- Maîtrise des algorithmes et bibliothèques d'apprentissage automatique (sklearn, tensorflow, Keras, pytorch...)
- Maîtrise des architectures et des outils cloud (Kafka, Ms Azure)
- Maîtrise de la gestion des bases de données (NoSQL, Cassandra, PostgreSQL...)
- Bonne connaissance de la gestion et l'orchestration des applications dans le cloud et des outils (Kubernetes, Docker...)
- Bonne compréhension des systèmes électromécaniques
- Maîtrise des méthodes statistiques et mathématique pour la science des données (algèbre linéaire, calcul matriciel.)
Votre profil
De formation supérieure en de type BAC +5 en Informatique, vous disposez de 3 ans minimum sur un poste similaire idéalement en maintenance conditionnelle et/ou prédictive en environnement industriel.
Vous maîtrisez l'anglais.
Vous disposez d'une connaissance des langages de programmation Java et R est un plus.
Vous faites preuve de concentration, de créativité, d'assiduité.
Vous êtes autonome, force de proposition et vous appréciez le travail en équipe avec d'autres services.
Pour faire la différence : www.springfrance.com
A propos de nous
Spring est le cabinet de conseil en recrutement et Intérim spécialisés du Groupe Adecco, présent dans 24 pays. En France, nos équipes sont composées de plus de 250 consultants en recrutement qui disposent d'une double expertise : géographique de par notre présence dans 30 villes en France, et sectorielle via nos 11 spécialisations. Notre connaissance des métiers ainsi que de nos bassins d'emploi nous permettent de vous proposer des solutions qui répondent à vos projets professionnels. ",2022-02-21T09:55:27.000Z,2022-02-24T04:07:39.000Z,M1403,Études et prospectives socio-économiques,Data scientist,CDI,Contrat à durée indéterminée,Contrat travail,E,Expérience exigée de 3 An(s),False,1,False,37 - TOURS,47.39565,0.694658,37261,"SPRING est la marque dédiée du Groupe Adecco en France sur le recrutement de cadres, techniciens et employés qualifiés sur le marché du middle management
Avec 45 implantations réparties sur l'ensemble du territoire et plus de 270 consultants spécialisés, Spring France développe une connaissance unique de ses bassins d'emploi et répond au mieux, en local comme au national, aux besoins en recrutement de ses 3000 clients. Spring accompagne près de 80% des sociétés du CAC 40 et... ",False,2,https://candidat.pole-emploi.fr/offres/recherche/detail/9559195,"[{'nom': 'METEOJOB', 'url': 'https://www.meteojob.com/candidat/offres/offre-d-emploi-data-scientist-h-f-tours-centre-esn-editeurs-de-logiciel-services-informatiques-cdi-21254091', 'logo': 'https://www.pole-emploi.fr/static/img/partenaires/meteojob80.png'}]",,,,,,,,,,,,,,,,,,,,
13,9524619,Data Engineer Azure H/F,"Inetum région Centre, recherche un profil AZURE Data Engineer.

 Vos principales missions consistent à
Concevoir et mettre en oeuvre des solutions sur la plateforme Microsoft Azure pour la persistance, l'enrichissement et l'analyse de données
Conseiller sur différents types d'architecture Data lake et Data warehouse pour répondre au mieux aux besoins des clients dans le respect des politiques sécurités
Mettre en place les tests pour assurer la qualité des livrables et l'intégrité des données produites
Vous engager dans des projets clients, allant de la conception à la mise en oeuvre de projets cloud (configuration, développements, documentations...)
Assurer le Rôle de conseil pour la mise en oeuvre des bonnes pratiques
La mise en oeuvre des stratégies de contrôle des coûts et recherche d'optimisations financières des services
La rédaction de dossier d'architecture technique et de dossier de spécifications techniques
Ce que nous allons vous apporter
La consolidation de vos connaissances par la formation et des certifications.
De formation supérieure en informatique, avec plusieurs années d'expériences.
Vous avez une bonne connaissance des technologies Azure et une expérience significative sur le Cloud Azure IAAS, PAAS
Vous démontrez d'excellentes compétences dans le relationnel avec les clients et en interne.
Vous êtes autonome et savez travailler en équipe.
Compétences techniques :
Expérience de développement Big Data, 
Modélisation décisionnelle, en étoile (Datawarehouse, Datamart), en offrant des niveaux élevés de performance, de sécurité, d'évolutivité, de maintenabilité et de fiabilité de la solution Microsoft AZURE
Expérience sur l'intégration de données
Définition des indicateurs
Azure Data Factory, GitHub, Azure DevOps minimum 3 ans
Facultatif : Databricks ",2022-02-20T03:43:20.000Z,2022-02-20T03:43:20.000Z,M1806,Conseil et maîtrise d'ouvrage en systèmes d'information,Consultant / Consultante décisionnel - Business Intelligence,CDI,Contrat à durée indéterminée,Contrat travail,E,Expérience exigée de 5 An(s),False,1,False,45 - ORLEANS,47.903,1.9093,45234,"Nous sommes une ESN agile et un groupe international. A l'ère de la post-transformation digitale, nous mettons tout en oeuvre pour que chacun de nos 27 000 collaborateurs puisse se renouveler perpétuellement, en vivant positivement son propre flow digital. ",False,2,https://candidat.pole-emploi.fr/offres/recherche/detail/9524619,"[{'nom': 'BROADBEAN', 'url': 'https://www.aplitrak.com/?adid=YXNjZW50cmVvdWVzdC4xMjYxNS42NzA2QGdmaS5hcGxpdHJhay5jb20', 'logo': 'https://www.pole-emploi.fr/static/img/partenaires/broadbean80.png'}]",62,Autres activités informatiques,Inetum,,,,"Annuel de 30000,00 Euros ï¿½ 47000,00 Euros",,,,,,,,,,,,,
14,9524017,Data Engineer H/F,"En tant que Data Engineer, vos principales missions consistent à :
Effectuer l'analyse fonctionnelle (recueil des besoins)
Elaborer ou valider les solutions
Concevoir les modèles de données (phases de spécifications fonctionnelles et techniques, modélisation des bases et des process)
Implémenter les modèles de données et les flux d'intégration (y compris les phases de qualification des données)
Développer et tester les éléments de reporting de la solution retenue
Concevoir des solutions décisionnelles pertinentes en tenant compte des enjeux du client.
Retranscrire le besoin client dans une spécification technico-fonctionnelle.
Prendre en charge les retours clients et les évolutions.
De formation supérieure en informatique, avec 3 à 4 années d'expériences, vous justifiez de compétences techniques a minima sur les domaines suivants :

Microsoft BI (SSIS/SSAS/SSRS/POWER BI/MS BI sous AZURE)
ORACLE, SQL SERVER 
ETL : TALEND
BUSINESSOBJECTS ",2022-02-20T03:41:49.000Z,2022-02-20T03:41:49.000Z,M1806,Conseil et maîtrise d'ouvrage en systèmes d'information,Consultant / Consultante décisionnel - Business Intelligence,CDI,Contrat à durée indéterminée,Contrat travail,E,Expérience exigée de 5 An(s),False,1,False,37 - TOURS,47.39864,0.696526,37261,"Nous sommes une ESN agile et un groupe international. A l'ère de la post-transformation digitale, nous mettons tout en oeuvre pour que chacun de nos 27 000 collaborateurs puisse se renouveler perpétuellement, en vivant positivement son propre flow digital. ",False,2,https://candidat.pole-emploi.fr/offres/recherche/detail/9524017,"[{'nom': 'BROADBEAN', 'url': 'https://www.aplitrak.com/?adid=YXNjZW50cmVvdWVzdC4xMzM0Mi42NzA2QGdmaS5hcGxpdHJhay5jb20', 'logo': 'https://www.pole-emploi.fr/static/img/partenaires/broadbean80.png'}]",62,Autres activités informatiques,Inetum,,,,"Annuel de 30000,00 Euros ï¿½ 47000,00 Euros",,,,,,,,,,,,,
15,9523649,"Data scientist F/H - Système, réseaux, données (H/F)","Descriptif du poste:
Intégré au sein de la BU Connectivité, dans une équipe de 2 personnes et entouré du service IT et maintenance (10 personnes environ), vous êtes chargé de préparer les projets (analyse de la documentation, création de l'architecture pour stocker les données, coordination avec les autres BU). Vous êtes aussi chargé de créer les algorithmes, en effectuant la préparation et l'exploration des données, identifiez les caractéristiques « features » pour la prédiction des défaillances et développez, testez et validez les algorithmes. Vous créez également des métriques pour comparer ces derniers et rédigez les specs et les rapports. Vous êtes aussi en charge de la création des modules plug and play configurables pour exécuter les algorithmes sur une architecture cloud. Vous êtes aussi en charge des dashboard pour présenter les résultats. Enfin, vous assurez la maintenance des algorithmes et en proposez de nouveaux pour améliorer la maturité des solutions (développement et maintien de la bibliothèque locale).

Profil recherché:
Issu d'une formation ingénieur, vous avez une appétence pour l'algorithmie/l'analyse des données ou êtes issu du monde de l'IT avec une connaissance électromécanique. 

- Vous justifiez d'au moins 3 années d'expérience en maintenance conditionnelle, maintenance prédictive.
- Maîtrise de la programmation en Python, des méthodes d'approches d'analyse des séries temporelles et des algorithmes et bibliothèques d'apprentissage automatique (sklearn, tensorflow, Keras, pytorch.) 
- Maîtrise des architectures et des outils cloud (Kafka, Ms Azure) et de la gestion de BDD (NoSQL, Cassandra, PostgreSQL) ainsi que de Kubernetes et Docker.
- Bonne compréhension des systèmes électromécaniques
- Vous avez idéalement une expérience dans le domaine industrielle (transport) 

Si vous êtes autonome, mature et force de proposition et que vous souhaitez rejoindre un groupe d'envergure, alors ce poste est fait pour vous.

Je suis consultant en recrutement chez Hays Technology, spécialiste du développement de logiciel à Tours. J'aide les professionnels de la Tech à développer leur carrière et je m'assure que les organisations sont soutenues par les meilleurs talents. 

Alors que la concurrence pour les talents s'intensifie, nous sommes prêts à aider les développeurs à avoir un impact réel sur les organisations, alors discutons-en ensemble dès aujourd'hui. ",2022-02-20T03:40:52.000Z,2022-02-21T06:06:15.000Z,M1403,Études et prospectives socio-économiques,Data scientist,CDI,Contrat à durée indéterminée,Contrat travail,E,Expérience exigée de 3 An(s),False,1,False,37 - TOURS,47.39565,0.694658,37261,"Hays Technology recherche pour son client, un acteur majeur dans le secteur du transport issu d'un groupe international de renom et présent sur plusieurs sites en France, un Data scientist confirmé afin d'étoffer l'équipe IT en place. Le poste est à pourvoir en CDI à proximité de Tours (37). ",False,2,https://candidat.pole-emploi.fr/offres/recherche/detail/9523649,"[{'nom': 'BROADBEAN', 'url': 'https://www.aplitrak.com/?adid=dmluZGV2b2doZW0uMTM5NTkuNjcwNkBoYXlzZnJhbmNlLmFwbGl0cmFrLmNvbQ', 'logo': 'https://www.pole-emploi.fr/static/img/partenaires/broadbean80.png'}]",78,Activités des agences de placement de main-d'œuvre,Hays France,9,Cadre,40 - 45 k€ brut annuel,,,,,,,,,,,,,,
16,128HKSP,Technicien informatique Data Center    (H/F),"Au sein de la direction des opérations techniques vous rejoignez une équipe en charge de la gestion des équipements informatiques de production : serveurs, réseaux, telco  En tant que technicien de l'équipe Computer Room de Vendôme (41).

Vos missions

Véritable interface et au cœur du monde de la production, vous participerez à l'activité de l'équipe, ceci en travaillant avec l'ensemble des métiers techniques (système, réseau, bases de données) présents au sein de la direction des opérations.

Vos missions principales :

Installer, maintenir et désinstaller les équipements informatiques de production
Participer à la planification des tâches.
Gérer les stocks liés au fonctionnement de l'équipe : câbles, fibre, spare
Gérer le réseau d'administration « Remote Console »
Rédiger les documents et les procédures dans un contexte européen
Gérer les incidents de production et les changements applicatifs
Participer activement à l'harmonisation du service avec les autres équipes européennes
Travailler conjointement avec l'équipe Infrastructure dans l'urbanisation des salles de production
En rejoignant notre équipe, vous serez plongé au cœur de la production informatique ce qui vous permettra d'avoir une vision globale de la mise en production d'une application pour offrir un service de qualité à l'ensemble de nos clients.
 

Vos évolutions possibles

Ce poste vous permettra d'évoluer vers un grand nombre de métiers d'expertise technique et d'administration dans les domaines système, réseau, base de données ou encore dans le champ des développements applicatifs au sein de Worldline.

 
Modalités

Ce poste est à pourvoir en CDI temps plein.

Il pourra nécessiter des déplacements occasionnels (Région parisienne, Lyon) et des interventions en dehors des heures et jours ouvrés.

Vous serez amené à travailler sur des applications hautement sensibles et des environnements fortement sécurisés",2022-02-17T14:27:00.000Z,2022-03-01T11:14:51.000Z,M1810,Production et exploitation de systèmes d'information,Technicien / Technicienne informatique,CDI,Contrat à durée indéterminée,Contrat travail,D,Débutant accepté,False,1,False,41 - VENDOME,47.795343,1.064293,41269,,False,1,https://candidat.pole-emploi.fr/offres/recherche/detail/128HKSP,,62,Conseil en systèmes et logiciels informatiques,WORLDLINE FRANCE,7,Technicien,,Annuel de 21000 Euros à 24000 Euros sur 13 mois,,"[{'code': '109971', 'libelle': ""Diagnostiquer la nature et l'origine des incidents et mettre en oeuvre les mesures correctives"", 'exigence': 'S'}]",37H Horaires normaux,Temps plein,"[{'libelle': ""Capacité d'adaptation"", 'description': ""Capacité à s'adapter à des situations variées et à s'ajuster à des organisations, des collectifs de travail, des habitudes et des valeurs propres à l'entreprise. Exemple : être souple, agile, s'adapter à une situation imprévue""}, {'libelle': 'Gestion du stress', 'description': 'Capacité à garder le contrôle de soi pour agir efficacement face à des situations irritantes, imprévues et stressantes. Exemple : garder son calme'}, {'libelle': 'Réactivité', 'description': ""Capacité à réagir rapidement face à des évènements et à des imprévus, en hiérarchisant les actions, en fonction de leur degré d'urgence / d'importance. Exemple : faire preuve de dynamisme, vivacité, énergie, comprendre vite""}]",False,41100,https://fr.worldline.com/fr/home.html,WORLDLINE FRANCE - Mme MEGHAN HERVOUET,"Pour postuler, utiliser le lien suivant : https://candidat.pole-emploi.fr/offres/recherche/detail/128HKSP","Pour postuler, utiliser le lien suivant : https://candidat.pole-emploi.fr/offres/recherche/detail/128HKSP",,
17,9366197,Data Analyst H/F,"Chez nous on dit ce que l'on fait et on fait ce que l'on dit !
 ACII est une ESN et PME régionale et « fière de l'être ! », intervenant sur les parties études et développement. Chez nous, on dit ce que l'on fait et on fait ce que l'on dit !
 * Une société participative et collaborative avec une démarche RSE, un esprit « corporate » (récompensé par des primes nombreuses et variées) et une attention particulière portée à l'équilibre vie professionnelle/personnelle.
 * Centre de formation agréé, nous veillons à vous accompagner dans votre développement de carrière.
 * Vous restez maître de votre parcours professionnel car nous tenons compte de vos appétences et de vos souhaits d'évolution.
 L'important pour nous est que votre métier soit une véritable passion.
 S'il manque une compétence à votre arc, ACII vous accompagnera soit par une formation interne avec l'un de ses experts, soit par une formation externe et cela jusqu'à la certification.
 Nous veillons à ce que vous vous épanouissiez sur vos projets et si ce n'est plus le cas, l'ensemble de l'équipe sera à votre écoute et s'attachera à vous en proposer de nouveaux.
 Quoi qu'il en soit, nous vous garantissons une proximité, une écoute et un accompagnement quotidien.
 En clair, la transparence est très importante pour nous car nous nous inscrivons dans une démarche collaborative où vous n'êtes pas un numéro !
 Dans le cadre d'un renforcement de l'équipe, nous recrutons pour l'un de nos clients basé à Tours, un Data Analyst H/F.
 Selon votre expérience, les responsabilités seront variables, de manière générale les missions confiées sont les suivantes :
 * Venir en appui des équipes en place pour traiter les demandes d'extraction de données et/ou d'évolutions de traitements existants formulées par les diverses directions métiers ;
 * Analyser la demande préalablement à son traitement ;
 * Développer Les requêtes en SQL et/ou via des programmes SAS ;
 * Concevoir les livrables qui sont destinés à toutes les fonctions de l'entreprise. Ils peuvent nécessiter la mise en œuvre de contrôles techniques et fonctionnels ainsi que des échanges avec les métiers.
 Profil
 * De formation Bac + 4 à bac + 5
 * Première expérience idéalement ciblée sur l'analyse de la donnée et de sa restitution.
 * Fort esprit d'analyse, de synthèse et compréhension des enjeux métiers.
 * Impliqué sur la rigueur des livrables et de leurs contenus.
 * Maîtrise des bases de données et des langages SQL
 * Maîtrise Outil SAS
 Si vous vous retrouvez dans cette description, nous sommes prêts à échanger avec vous !
 Type d'emploi : Temps plein, CDI
 Salaire : 35 000,00€ à 45 000,00€ par an
 Avantages :
 * Horaires flexibles
 * Participation au Transport
 * RTT
 * Titre-restaurant
 Horaires :
 * Du Lundi au Vendredi
 * Travail en journée
 Rémunération supplémentaire :
 * Primes
 Télétravail:
 * Non
 ",2022-02-16T09:00:17.000Z,2022-02-28T03:55:51.000Z,M1403,Études et prospectives socio-économiques,Data analyst,CDI,Contrat à durée indéterminée,Contrat travail,D,Débutant accepté,False,1,False,37 - Indre et Loire,,,, ,False,2,https://candidat.pole-emploi.fr/offres/recherche/detail/9366197,"[{'nom': 'INDEED', 'url': 'https://fr.indeed.com/job/data-analyst-hf-de372ba90e161d50?from=poleemploi', 'logo': 'https://www.pole-emploi.fr/static/img/partenaires/indeed80.png'}]",,,,,,,,,,,,,,,,,,,,
18,9307954,Directeur de projet DATA  (H/F),"Inetum est une ESN agile, une société de services et de solutions digitales, et un groupe international qui aide les entreprises et institutions à tirer le meilleur du digital flow. Dans un contexte de mouvement permanent, où les besoins et les usages se réinventent sans cesse, le groupe Inetum s'engage auprès de tous les acteurs pour innover, s'adapter continuellement et garder une longueur d'avance. Avec son profil de multi-spécialiste, Inetum met au service de ses clients une combinaison unique de proximité, d'organisation sectorielle et de solutions de qualité industrielle. Présent dans plus de 26 pays, le Groupe compte près de 27 000 collaborateurs et a réalisé en 2020 un chiffre d'affaires de 1,966 milliard d'euros.
Tous nos postes sont ouverts aux personnes en situation de handicap.
Le Directeur de Projet orienté DATA en Centre Services est sous la responsabilité d'un Délivery Manager, il a en charge le suivi et l'exécution de ses contrats projets au niveau des engagements contractuels, financiers, qualité, délais, risques et satisfaction client. Il assure par ailleurs le management et l'animation de son équipe avec des chefs de projets. Il est le garant du delivery sur chaque contrat projet sous sa responsabilité.
 Pour cela, le Directeur de Projet DATA devra :
Participer à notre offre DATA avec la communauté.
Participer en amont, avec l'équipe DATA, aux avant-vente par la prise en charge de consultation type marché public ou privé, démarche et estimation des projets.
Assurer le lancement et le pilotage des projets d'un point de vue contractuel, conformité et organisation d'équipe.
Assurer le management des équipes projets en termes de maintien des compétences, de respects des procédures et de motivation.
Suivre tout au long de la vie du contrat son bon déroulement en relation directe avec le chef de projet.
Participer et / ou animer les instances décisionnelles (comités de pilotage, comité stratégique)
Assurer un suivi budgétaire et rentabilité de ses contrats,
Se conformer aux procédures de la Direction Industrielle en termes de reporting, qualité, risques, sécurité, RGPD.
Assurer chaque fin de mois sa clôture de son périmètre (RAF, Factures, Marge, Risque...° ",2022-02-15T16:04:49.000Z,2022-02-15T16:04:49.000Z,M1803,Direction des systèmes d'information,Directeur / Directrice de projet en informatique,CDI,Contrat à durée indéterminée,Contrat travail,E,Expérience exigée,False,1,False,45 - ORLEANS,47.87372,1.910933,45234, ,False,2,https://candidat.pole-emploi.fr/offres/recherche/detail/9307954,"[{'nom': 'STUDYRAMA', 'url': 'https://www.studyrama-emploi.com/home_offre_detail.php?id_offre=1862463&amp;utm_source=Partenariat&amp;utm_medium=poleemploi&amp;utm_campaign=1862463', 'logo': 'https://www.pole-emploi.fr/static/img/partenaires/studyrama80.png'}]",,,,,,,,,,,,,,,,,,,,
19,9307738,Directeur de projet DATA H/F,"Le Directeur de Projet orienté DATA en Centre Services est sous la responsabilité d'un Délivery Manager, il a en charge le suivi et l'exécution de ses contrats projets au niveau des engagements contractuels, financiers, qualité, délais, risques et satisfaction client. Il assure par ailleurs le management et l'animation de son équipe avec des chefs de projets. Il est le garant du delivery sur chaque contrat projet sous sa responsabilité.

 Pour cela, le Directeur de Projet DATA devra :
Participer à notre offre DATA avec la communauté.
Participer en amont, avec l'équipe DATA, aux avant-vente par la prise en charge de consultation type marché public ou privé, démarche et estimation des projets.
Assurer le lancement et le pilotage des projets d'un point de vue contractuel, conformité et organisation d'équipe.
Assurer le management des équipes projets en termes de maintien des compétences, de respects des procédures et de motivation.
Suivre tout au long de la vie du contrat son bon déroulement en relation directe avec le chef de projet.
Participer et / ou animer les instances décisionnelles (comités de pilotage, comité stratégique)
Assurer un suivi budgétaire et rentabilité de ses contrats,
Se conformer aux procédures de la Direction Industrielle en termes de reporting, qualité, risques, sécurité, RGPD.
Assurer chaque fin de mois sa clôture de son périmètre (RAF, Factures, Marge, Risque...°
De formation Bac +5, avec une participation à vos débuts à des projets NTIC et DATA, et une solide expérience de 10 ans en tant que Directeur de Projet, idéalement en Centre de Services ESN.
 Vous êtes autonome et rigoureux dans l'exécution des tâches qui vous sont confiées.
 Vous avez un bon relationnel qui vous confère une bonne écoute des collaborateurs et des clients.
 Vous avez le sens du service et du respect des engagements de chacune des parties.
Les Compétences requises :
Suivi Financier
Contrat Management
Model de Delivery (CDR, CDC, CDS)
Management Equipe
Pilotage de contrat et projet avec engagements
Technologique NTIC, DATA de préférence Microsoft BI
Sens du service et bon relationnel client
Connaissance des contraintes de conformité contractuelle (RGPD, Sécurité) ",2022-02-15T16:04:01.000Z,2022-02-15T16:04:01.000Z,M1803,Direction des systèmes d'information,Directeur / Directrice de projet en informatique,CDI,Contrat à durée indéterminée,Contrat travail,E,Expérience exigée de 5 An(s),False,1,False,45 - ORLEANS,47.903,1.9093,45234,"Nous sommes une ESN agile et un groupe international. A l'ère de la post-transformation digitale, nous mettons tout en oeuvre pour que chacun de nos 27 000 collaborateurs puisse se renouveler perpétuellement, en vivant positivement son propre flow digital. ",False,2,https://candidat.pole-emploi.fr/offres/recherche/detail/9307738,"[{'nom': 'BROADBEAN', 'url': 'https://www.aplitrak.com/?adid=YXNjZW50cmVvdWVzdC45ODA1NS42NzA2QGdmaS5hcGxpdHJhay5jb20', 'logo': 'https://www.pole-emploi.fr/static/img/partenaires/broadbean80.png'}]",62,Autres activités informatiques,Inetum,,,,"Annuel de 40000,00 Euros ï¿½ 55000,00 Euros",,,,,,,,,,,,,
20,127YWPM,RESPONSABLE DATA MANAGEMENT (H/F),"EURAXI PHARMA, CRO full services, spécialisée dans l'accompagnement des projets dans le secteur de la santé depuis 1986, recherche pour renforcer ses équipes,
Un(e) Responsable Data-Management (H/F).


EURAXI-PHARMA, prestataire de services dans le domaine de la santé depuis plus de 30 ans, accompagne ses clients dans la conception et la réalisation de leurs projets d'études cliniques et d'accès précoces.

Vous êtes Responsable Data-Management, idéalement avec une expérience en recherche clinique. 

Vous souhaitez donner un nouvel élan à votre carrière en intégrant une entreprise dynamique et partageant des valeurs humaines fortes, rejoignez-nous, le poste de Responsable Data-Management est dimensionné pour vous !


MISSIONS PRINCIPALES

Vous serez sous la responsabilité du Directeur des Opérations.

Management et coordination des activités de l'équipe de data-management composée à ce jour d'une dizaine de collaborateurs (Lead DM, DM, Data analyst)
Planification et priorisation des activités en collaboration avec les Opérations Cliniques
Activités de Data-management (setup, documentation, développement et validation de base de données, programmation) 
Entretien d'évaluation des ressources de votre équipe
Reporting hebdomadaire des activités au Manager
Suivi et amélioration des process (procédure, formation, gestion des outils )
Collaboration avec le RSI pour l'optimisation et la validation des systèmes
Participation aux réponses techniques des appels d'offres 

VOTRE PROFIL

De formation supérieure : Bac +4 minimum, dans le domaine scientifique et/ou informatique 
Ayant une expérience de plus de 8-10 ans dans le domaine du traitement des données en recherche clinique
Maîtrise de SAS et d'un système de Data-management type Ennov Clinical, Rave .
Maîtrise de l'anglais écrit et oral
Une expérience dans le management d'équipe est requise

MODALITES

Type d'emploi : Temps plein, CDI, statut Cadre
Poste basé à Joué les Tours (37300)
Télétravail envisageable selon expérience
Salaire à définir en fonction du profil et de l'expérience

",2022-02-11T15:08:05.000Z,2022-02-11T20:35:30.000Z,M1802,Expertise et support en systèmes d'information,Data manager,CDI,Contrat à durée indéterminée,Contrat travail,E,2 ans,False,1,False,37 - JOUE LES TOURS,47.336276,0.657551,37122,"Recherche médicale, essais cliniques",False,1,https://candidat.pole-emploi.fr/offres/recherche/detail/127YWPM,,71,"Analyses, essais et inspections techniques",EURAXI PHARMA - EURAXI MONARC,9,Cadre,,"Annuel de 50000,00 Euros à 60000,00 Euros sur 12 mois",,"[{'code': '117369', 'libelle': 'Définir les caractéristiques techniques du produit', 'exigence': 'S'}, {'code': '120588', 'libelle': ""Concevoir l'architecture d'un système d'information"", 'exigence': 'S'}, {'code': '120724', 'libelle': 'Concevoir les solutions techniques', 'exigence': 'S'}, {'code': '120913', 'libelle': 'Évaluer le résultat de ses actions', 'exigence': 'S'}, {'code': '121286', 'libelle': ""Analyser les besoins d'un projet"", 'exigence': 'S'}]",38H30 Horaires normaux,Temps plein,"[{'libelle': 'Travail en équipe', 'description': ""Capacité à travailler et à se coordonner avec les autres au sein de l'entreprise en confiance et en transparence pour réaliser les objectifs fixés. Exemple : aider ses collègues, savoir demander de l'aide""}, {'libelle': 'Capacité à fédérer', 'description': ""Capacité à mobiliser une équipe et/ou des interlocuteurs et à les entraîner dans la poursuite d'objectifs partagés. Exemple : être un leader, rassembler""}, {'libelle': 'Autonomie', 'description': 'Capacité à prendre en charge son activité sans devoir être encadré de façon continue. Exemple : travailler efficacement sans responsable'}]",False,37300,http://www.euraxi.fr,EURAXI PHARMA - EURAXI MONARC - M. Sébastien LOUVEAU,"Pour postuler, utiliser le lien suivant : https://candidat.pole-emploi.fr/offres/recherche/detail/127YWPM","Pour postuler, utiliser le lien suivant : https://candidat.pole-emploi.fr/offres/recherche/detail/127YWPM",,
21,127YCVF,CEFIM ALTERNANCE FORMATION MANAGER SOLUTIONS DIGITALES DATA (H/F),"Le CEFIM, CFA des métiers du numérique, vous propose d'intégrer son campus d'Orléans, pour y suivre en alternance la formation de niveau Bac+5 de Manager de Solutions Digitales et Data au sein d'une de ses entreprises partenaires.

Mission / Thématique de formation :

Grâce à une vision à 360° vous interviendrez dans l'analyse, la conception, puis la mise en place d'un SI.

Au sein d'une équipe projet vos missions pourront être :

L'élaboration et l'analyse de cahier des charges,

L'audit de SI

La conception puis la mise en oeuvre de solutions techniques :

Le développement d'application

L'installation et configuration d'environnements de pré-production et de production

L'analyse de données

La création de tableau de bord web dynamique

PROFIL

Vous disposez déjà d'une première expérience (stage ou alternance) et d'un Bac+3/4 minimum en tant que concepteur-développeur ou en tant que data analyst.

Vous êtes autonome, responsable et force de proposition.

Cette opportunité s'adresse aux personnes souhaitant suivre notre formation « Manager de Solutions Digitales et Data » (niveau 7 - Bac+5) dans le cadre d'un contrat d'apprentissage ou de professionnalisation de 12 mois à compter du 7 mars 2022.

Frais de formation pris en charge par l'OPCO de l'entreprise - salaire correspondant à un % du SMIC en fonction de votre âge.

Type d'emploi : Apprentissage ou contrat de professionnalisation.

Salaire : Jusqu'à 1 554,00€ par mois

Date de début prévue : 7/03/2022",2022-02-11T10:21:34.000Z,2022-02-17T18:20:22.000Z,M1803,Direction des systèmes d'information,Chef de projet informatique,CDD,Contrat à durée déterminée - 12 Mois,Cont. professionnalisation,E,1 an,True,1,False,45 - ORLEANS,47.87372,1.910933,45234,,False,1,https://candidat.pole-emploi.fr/offres/recherche/detail/127YCVF,,85,Formation continue d'adultes,CEFIM,7,Technicien,,"Mensuel de 1554,00 Euros à 1555,00 Euros sur 12 mois",,"[{'code': '109797', 'libelle': ""Analyser et définir les besoins de l'entreprise, des utilisateurs en matière d'organisation et de systèmes d'information et de télécoms"", 'exigence': 'S'}, {'code': '109798', 'libelle': 'Concevoir le schéma directeur à partir des orientations fixées par la direction et des besoins des services utilisateurs et superviser les modalités de mise en oeuvre', 'exigence': 'S'}, {'code': '109800', 'libelle': 'Procéder au choix de réalisation, de traitement en interne ou par sous-traitance et en contrôler la conformité de réalisation', 'exigence': 'S'}, {'code': '113325', 'libelle': 'Piloter un projet', 'exigence': 'S'}, {'code': '118023', 'libelle': ""Coordonner les différentes étapes d'un projet"", 'exigence': 'S'}]",35H Horaires normaux,Temps plein,,False,45000,,CEFIM - Mme Camille Gautier,"Pour postuler, utiliser le lien suivant : https://candidat.pole-emploi.fr/offres/recherche/detail/127YCVF","Pour postuler, utiliser le lien suivant : https://candidat.pole-emploi.fr/offres/recherche/detail/127YCVF",,
22,9109098,Product Owner Data H/F,"Détail de l'offre   Informations générales   Entité de rattachement  Nous sommes une ESN agile et un groupe international. A l'ère de la post-transformation digitale, nous mettons tout en œuvre pour que chacun de nos 27 000 collaborateurs puisse se renouveler perpétuellement, en vivant positivement son propre flow digital. Chacun d'entre eux peut ainsi façonner son parcours de carrière selon ses appétences, entreprendre de manière pragmatique avec ses clients pour un monde plus positif, innover localement dans 26 pays et harmoniser son investissement professionnel et son bien-être personnel.Rejoignez Inetum. Vivez votre flow digital positif.Tous nos postes sont ouverts aux personnes en situation de handicap.Description du poste  Métier Métier AS (Application Services) - Management de Projet Intitulé du poste Product Owner Data H/F Contrat CDI Description De La Mission Dans le cadre de sa forte croissance Gfi recrute un Product Owner Data pour sa practice Smart Data Analytics. L'offre SDA de Gfi propose à ses clients un accompagnement de bout en bout (cadrage, dimensionnement socle technique jusqu'à la réalisation) des projets BI & Big Data avec une approche Data Driven.Directement rattaché au directeur de la Business Unit vous serez amené àAccompagner nos clients dans l'aide à la définition d'une stratégie de valorisation de leurs données internes,Accompagner nos clients à l'expérimentation de méthodologies de type Data Science,Aider à la priorisation des sujets de mise en œuvre de cette stratégie,Recueillir les besoins lors d'ateliers de co-construction de use-cases métiers,Contribuer aux Avant-ventes,Assurer le lien avec les équipes de réalisation en étant le garant métier des réalisations opérées par les équipes,Assurer le rôle de référent (conseil et force de propositions sur les thématiques d'amélioration continue des équipes clients et Gfi, accompagnements des collaborateurs juniors, .)  Profil   Vous êtes ingénieur ayant évolué dans le monde de la Data Statistiques, Business Intelligence, Datavisualisation, Analytics, Data Management, . Vous répondez de 8 à 10 ans d'expérience dans des projets Data où vous avez animé des ateliers de type Design Thinking, industrialisé des projets Data, marketé des offres, .Vous maîtrisez les fondements de la méthodologie Agile (Scrum, Safe, Agilité à l'échelle, .), possédez de solides connaissances de Data Science, d'IA et de langages de type R, Python, Spark vous permettant de faire le lien entre les acteurs de l'IT, les Métiers et les Data Scientist. Vous avez validé une certification PO/Scrum.Vous appréciez le travail en équipe, vous aimez les challenges et les enjeux de la Data vous passionnent.Votre curiosité intellectuelle et technologique, lié à vos excellentes qualités de communication, vous amène naturellement à partager vos connaissances avec vos clients, vos collaborateurs. Pourquoi nous rejoindre ?  Vous rejoindrez un pôle d'experts de la Data, dans un esprit « start-up » au sein d'un grand groupe international, disposant de matériels spécifiques et dédiés à la réalisation de projets innovants,Vous évoluerez, avec une forte autonomie, dans un environnement bienveillant où vous pourrez échanger, partager et grandir à travers des missions variées (nature des projets, secteur d'activité de nos clients, en IDF ou en régions, .) . chez Gfi la connaissance est partagé (apprendre à donner et recevoir du feedback)Vous bénéficierez d'un parcours de formation individualisé Localisation du poste  Localisation du poste France, Ile-de-France, 93 Seine-Saint-Denis Ville 145 Boulevard Victor Hugo 93400 Saint-Ouen ",2022-02-10T18:57:36.000Z,2022-02-11T20:35:30.000Z,M1806,Conseil et maîtrise d'ouvrage en systèmes d'information,Product Owner,CDD,Contrat à durée déterminée - 8 Mois,Contrat travail,E,Expérience exigée de 1 Mois,False,1,False,41 - Loir et Cher,,,, ,False,2,https://candidat.pole-emploi.fr/offres/recherche/detail/9109098,"[{'nom': 'INZEJOB', 'url': 'https://emploi.inzejob.com/offre-emploi?j=8193647', 'logo': 'https://www.pole-emploi.fr/static/img/partenaires/inzejob80.png'}]",,,Inetum,,,,,"[{'libelle': 'Aucun permis', 'exigence': 'S'}]",,,,,,,,,,,,
23,8710471,"Data Analyst F/H - Système, réseaux, données (H/F)","Descriptif du poste:

Dans le cadre d'un renforcement de l'équipe, nous recrutons pour l'un de nos clients basé à Tours, un Data Analyst H/F.
Vous travaillez au sein d'une équipe Scrum, en collaboration les équipes de développements.
Missions :
* Venir en appui des équipes en place pour traiter les demandes d'extraction de données et/ou d'évolutions de traitements existants formulées par les diverses directions métiers ;
* Analyser la demande préalablement à son traitement ;
* Développer Les requêtes en SQL et/ou via des programmes SAS ;
* Concevoir les livrables qui sont destinés à toutes les fonctions de l'entreprise. Ils peuvent nécessiter la mise en œuvre de contrôles techniques et fonctionnels ainsi que des échanges avec les métiers.

Profil recherché:

* De formation Bac + 4 à bac + 5
* Première expérience idéalement ciblée sur l'analyse de la donnée et de sa restitution.
* Fort esprit d'analyse, de synthèse et compréhension des enjeux métiers.
* Impliqué sur la rigueur des livrables et de leurs contenus.
* Maîtrise des bases de données et des langages SQL
* Maîtrise Outil SAS ",2022-02-02T08:00:29.000Z,2022-02-17T12:58:08.000Z,M1805,Études et développement informatique,Analyste réseau informatique,CDI,Contrat à durée indéterminée,Contrat travail,E,Expérience exigée de 2 An(s),False,1,False,37 - TOURS,47.39565,0.694658,37261,"\nACII est une ESN et PME régionale et « fière de l'être ! », intervenant sur les parties études et développement. Chez nous, on dit ce que l'on fait et on fait ce que l'on dit !\n* Une société participative et collaborative avec une démarche RSE, un esprit « corporate » (récompensé par des primes nombreuses et variées) et une attention particulière portée à l'équilibre vie pro/perso.\n* Vous restez maître de votre parcours professionnel car nous tenons compte de vos app�. ",False,2,https://candidat.pole-emploi.fr/offres/recherche/detail/8710471,"[{'nom': 'APEC', 'url': 'https://www.apec.fr/candidat/recherche-emploi.html/emploi/detail-offre/167571712W?xtor=AL-406', 'logo': 'https://www.pole-emploi.fr/static/img/partenaires/apec80.png'}]",62,Programmation informatique,ACII,9,Cadre,35 - 45 k€ brut annuel,,,,,,,,,,,,,,
24,8306253,Data scientist (H/F),"Description du poste :
Rattaché au responsable Condition based maintenance,
Préparation des projets CBM :
* Analyser la documentation du système et comprendre son fonctionnement
* Créer une architecture efficace pour stocker les données
* Coordonner les actions avec l'équipe informatique du cloud pendant la mise en œuvre de l'architecture de stockage sur le cloud
Création des algorithmes CBM :
* Effectuer la préparation et l'exploration de données (nettoyage, visualisation, agrégation...)
* Augmenter les données en créant des caractéristiques « features » nécessaires.
* Identifier les caractéristiques « features » utiles pour la prédiction des défaillances
* Développer, tester et valider les algorithmes CBM utilisés pour prédire les défaillances
* Créer des métriques utilisées pour comparer les algorithmes CBM
* Rédiger les spécifications et les rapports mettant en évidence les concepts utilisés au niveau les algorithmes CBM
* Créer des modules plug and play configurables utilisés pour exécuter des algorithmes CBM sur une architecture cloud
* Créer des tableaux de bord afin de présenter les résultats des algorithmes aux utilisateurs finaux.
Maintenance des algorithmes CBM :
* Maintenir à jour les algorithmes CBM et améliorer leurs performances
* Proposer de nouveaux algorithmes CBM pour améliorer la maturité des solutions CBM
* Développer et maintenir à jour la bibliothèque locale d'algorithmes CBM
Intégration dans l'équipe CBM et amélioration continue :
* Suivre la vision de CBM sur les sujets stratégiques
* Identifier de nouvelles solutions pour les algorithmes de CBM
* Rapporter fréquemment les KPI des projets au responsable CBM
* Suivre et apprendre des lignes de produits Wabtec
* Diffuser les outils, les approches et la méthodologie innovantes
* Participer aux examens et réunions réguliers de CBM
Description du profil :
Vous êtes issu d'une formation de niveau minimum Bac+5, soit dans un domaine technique/ sciences des données (data sciences), soit dans le secteur informatique avec une sensibilité à comprendre les systèmes électromécaniques.
Profil expérimenté de 3 ans minimum dans le secteur du transport : ferroviaire, aéronautique, automobile.
Compétences/ Savoir-être :
* Bon niveau de concentration (W dans un environnement de recherche, bien creuser les sujets car il y a une part d'inconnu)
* Faire preuve de créativité
* Etre tenace (apporteur de solutions)
* Autonome
* Etre force de proposition
* Avoir une bonne communication (travaillera en interaction avec l'IT / équipe cloud, la maintenance.)
Poste à pourvoir dès que possible en CDI, télétravail possible 3 jours par semaine.
Salaire proposé selon profil entre 40 et 45K€ brut annuel. ",2022-01-24T13:40:29.000Z,2022-02-11T20:35:30.000Z,M1403,Études et prospectives socio-économiques,Data scientist,CDI,Contrat à durée indéterminée,Contrat travail,E,Expérience exigée de 3 An(s),False,1,False,37 - TOURS,47.39565,0.694658,37261,"Source, cabinet de recrutement CDI-CDD accompagne les entreprises dans leurs besoins en recrutements Vente, Finance et Technique.
Nous recrutons pour un de nos clients, Groupe industriel international, sur son site dans les Hauts de France, un DATA SCIENTIST H/F. ",False,2,https://candidat.pole-emploi.fr/offres/recherche/detail/8306253,"[{'nom': 'METEOJOB', 'url': 'https://www.meteojob.com/candidat/offres/offre-d-emploi-data-scientist-h-f-tours-centre-recrutement-et-placement-cdi-20780071', 'logo': 'https://www.pole-emploi.fr/static/img/partenaires/meteojob80.png'}]",,,,,,,,,,,,,,,,,,,,
25,126PZLR,Technicien Data Center (H/F),"POSTE DE TECHNICIEN DATACENTER
 Type de profils recherchés :
- Fibre optique
- Electricité
- Câbleur

Si vous avez seulement des notions dans ces domaines et que vous n'avez jamais exercé ce métier, nous pouvons vous accompagner. Vous serez formé afin d'acquérir les connaissances et compétences nécessaires.

Descriptif du poste :
Tâches techniques et administratives :
-	Installation/désinstallation de matériel datacenter, rackage/dérackage (baies informatiques, serveurs, etc;),
-	Câblage/Brassage entre équipements,
-	Installation logiciels/paramétrages/firmware,
-	Mise en service d'équipements,
-	Contrôle de liens/câbles via Fluke (réflectométrie),
-	Interventions sur incident, aide au diagnostic, vérifications,
-	Gestions de médias de sauvegarde,
-	Remplacement d'équipement,
-	Interventions spécifiques sous pilotage,
-	Contrôle de l'environnement technique (électricité, cvc; etc.),
-	Gestion des demandes d'accès au site/accompagnement/contrôle suite à intervention,
-	Gestion des stocks de matériel sur les sites ne disposant pas d'un logisticien dédié (réception, livraison, stockage, transport),
-	Tri sélectif dans le respect de la norme 14001,
-	Exécution des demandes de travaux programmées en HNO
-	Compte-rendu de passage de consigne.
-	Participer si nécessaire aux rotations d'astreinte des sites,
-	Escalader à son Pilote d'Activité toute difficulté rencontrée dans l'exercice de ses fonctions.
",2022-01-18T17:55:39.000Z,2022-02-28T13:51:18.000Z,I1307,Installation et maintenance télécoms et courants faibles,Technicien(ne) installation réseaux câblés fibre optique,CDI,Contrat à durée indéterminée,Contrat travail,D,Débutant accepté,False,1,False,28 - CHARTRES,48.446525,1.502286,28085,"METALINE, c'est 35 ans d'expérience dans l'assistance aux utilisateurs.

Acteur incontournable des Services Managés, METALINE regroupe l'ensemble de l'activité opérationnelle de gestion de l'infrastructure informatique de votre Système d'Information.

La chaine de valeur s'étend de la prise d'appel au maintien en condition opérationnelle de votre environnement, avec une expertise avérée dans la gestion des Datacenter d'envergure.",False,1,https://candidat.pole-emploi.fr/offres/recherche/detail/126PZLR,,71,"Ingénierie, études techniques",METALINE DATA CENTER SERVICES,7,Technicien,,"Annuel de 24000,00 Euros à 26000,00 Euros sur 13 mois",,"[{'code': '103556', 'libelle': ""Utilisation d'appareils de mesure optique (réflectomètre, wattmètre optique, ...)"", 'exigence': 'S'}, {'code': '124201', 'libelle': 'Habilitations électriques de travaux sous tension', 'exigence': 'S'}, {'code': '106762', 'libelle': ""Configurer ou paramétrer l'équipement de télécommunication, de courants faibles et effectuer les essais fonctionnels"", 'exigence': 'S'}, {'code': '117370', 'libelle': 'Identifier les matériels à intégrer', 'exigence': 'S'}, {'code': '117371', 'libelle': ""Assembler les éléments de l'équipement"", 'exigence': 'S'}, {'code': '125415', 'libelle': 'Connecter une boîte de raccordements', 'exigence': 'S'}]",39H Horaires normaux,Temps plein,"[{'libelle': ""Capacité d'adaptation"", 'description': ""Capacité à s'adapter à des situations variées et à s'ajuster à des organisations, des collectifs de travail, des habitudes et des valeurs propres à l'entreprise. Exemple : être souple, agile, s'adapter à une situation imprévue""}, {'libelle': 'Travail en équipe', 'description': ""Capacité à travailler et à se coordonner avec les autres au sein de l'entreprise en confiance et en transparence pour réaliser les objectifs fixés. Exemple : aider ses collègues, savoir demander de l'aide""}, {'libelle': 'Rigueur', 'description': ""Capacité à respecter les règles et codes de l'entreprise, à réaliser des tâches en suivant avec précision les procédures et instructions fournies , à transmettre des informations avec exactitude. Exemple : être ponctuel, respecter les engagements, résister à la distraction""}]",False,28000,https://www.metaline.fr/groupe,METALINE DATA CENTER SERVICES - M. Louis ASAMOAH,"Pour postuler, utiliser le lien suivant : https://candidat.pole-emploi.fr/offres/recherche/detail/126PZLR","Pour postuler, utiliser le lien suivant : https://candidat.pole-emploi.fr/offres/recherche/detail/126PZLR",,
26,0050861,ADMINISTRATEUR-ICE DES DONNÉES (H/F),"-Mettre en oeuvre la politique d'acquisition, de production, de gestion et de diffusion des données et des référentiels.
-Organiser le patrimoine de données de la DREAL,
-Gérer les relations avec les partenaires,
-apporte son expertise aux utilisateurs et aux producteurs des données.
-Rattaché à la cheffe de mission,
-Échanges et collaborations avec les acteurs régionaux de la donnée et de la géomatique (DDT et autres services de l?État en région, Géocentre),
-Contribution à la représentation de la DREAL au sein des réseaux nationaux,
-Collaboration étroite avec le géomaticien référent et les géomaticiens des services. ",2022-03-02T12:27:06.000Z,2022-03-02T12:27:06.000Z,M1802,Expertise et support en systèmes d'information,Data manager,CDD,Contrat à durée déterminée - 36 Mois,Contrat travail,E,Expérience exigée de 2 An(s),False,1,False,45 - Loiret,,,,"Direction Régionale de l'Environnement, de l'Aménagement et du Logement Centre (DREAL Centre) ",False,2,https://candidat.pole-emploi.fr/offres/recherche/detail/0050861,"[{'nom': 'PEP', 'url': 'https://place-emploi-public.gouv.fr/offre-emploi/2022-830474', 'logo': 'https://www.pole-emploi.fr/static/img/partenaires/pep80.png'}]",,,,,,,,,,,,,,,,,,,,
27,128DLPR,Agent / Agente de back-office     (H/F),"Nous recherchons pour notre notre site d'Ormes (45) : un Assistant Back Office H/F

Missions :
Rattaché au Responsable du Back-Office, après une période de formation à nos outils et nos méthodes, vos principales missions seront de :
* Fiabiliser les informations remontées dans notre base de données d'exploitation (contrôle des flux de cash)
* Effectuer un suivi et analyser les écarts de données
* Assurer l'interface quotidienne entre le Back Office et différents service de l'entreprise (monétique, comptabilité,...)
* Mener des actions correctives
* Assurer un support technique aux utilisateurs du scan  

Profil :
De niveau BAC en Gestion, vous avez 1 an d'expérience ou des stages significatifs.
Une maîtrise des bases de données type ERP et des outils bureautiques est indispensable.
Bonne aisance relationnelle, rigueur, goût pour les chiffres.

Caractéristiques du poste :
Horaires quotidiens : 08h00-17h00 (fin de journée 16h00 le vendredi)
Avantages : Indemnités repas, RTT, mutuelle, CSE,  intéressement et participation
Poste à pourvoir courant mars 2022.",2022-02-15T16:09:20.000Z,2022-03-01T13:06:49.000Z,M1403,Études et prospectives socio-économiques,Data analyst,CDI,Contrat à durée indéterminée,Contrat travail,E,1 an,False,1,False,45 - ORMES,47.949763,1.813549,45235,"Maison Lyovel, 3ème groupe de distribution automatique en France est une filiale du groupe Jacobs Douwe Egberts (JDE - N°2 mondial du café).
Depuis plus de 45 ans, nous avons à coeur de proposer à nos clients (entreprises, universités, hôpitaux)  une offre séduisante que ce soit pour une pause café, un petit creux ou une grande soif.
Avec près de 650 collaborateurs, nous servons plus de 150 millions de boissons chaudes chaque année auprès de 6 800 clients en France.
",False,1,https://candidat.pole-emploi.fr/offres/recherche/detail/128DLPR,,47,"Vente par automates et autres commerces de détail hors magasin, éventaires ou marchés n.c.a.",LYOVEL,6,Employé qualifié,,"Mensuel de 1690,00 Euros sur 12 mois",,"[{'code': '109527', 'libelle': 'Adapter les outils de traitement statistique de données', 'exigence': 'S'}, {'code': '109528', 'libelle': ""Rédiger l'information produite (études, synthèses, rapports, bulletins, ...) et établir des prévisions, des évaluations, des recommandations, des perspectives, ..."", 'exigence': 'S'}, {'code': '109529', 'libelle': 'Présenter et diffuser les résultats des études réalisées', 'exigence': 'S'}, {'code': '109542', 'libelle': 'Réaliser une étude', 'exigence': 'S'}, {'code': '118732', 'libelle': 'Réaliser une veille documentaire (collecte, analyse etc.)', 'exigence': 'S'}, {'code': '122609', 'libelle': ""Définir les méthodes et les outils de traitement de l'information"", 'exigence': 'S'}, {'libelle': 'Base de données', 'exigence': 'E'}]",35H Horaires normaux,Temps plein,"[{'libelle': ""Capacité d'adaptation"", 'description': ""Capacité à s'adapter à des situations variées et à s'ajuster à des organisations, des collectifs de travail, des habitudes et des valeurs propres à l'entreprise. Exemple : être souple, agile, s'adapter à une situation imprévue""}, {'libelle': 'Travail en équipe', 'description': ""Capacité à travailler et à se coordonner avec les autres au sein de l'entreprise en confiance et en transparence pour réaliser les objectifs fixés. Exemple : aider ses collègues, savoir demander de l'aide""}, {'libelle': 'Rigueur', 'description': ""Capacité à respecter les règles et codes de l'entreprise, à réaliser des tâches en suivant avec précision les procédures et instructions fournies , à transmettre des informations avec exactitude. Exemple : être ponctuel, respecter les engagements, résister à la distraction""}]",False,45140,https://www.maisonlyovel.com,LYOVEL - Mme Hélène Herbin,"Pour postuler, utiliser le lien suivant : https://candidat.pole-emploi.fr/offres/recherche/detail/128DLPR","Pour postuler, utiliser le lien suivant : https://candidat.pole-emploi.fr/offres/recherche/detail/128DLPR","[{'niveauLibelle': 'Bac ou équivalent', 'exigence': 'S'}]",Participation/action
